[
    {"id":11, "type": "apple", "category": "fruit"},
    {"id":22, "type": "oranges", "category": "fruit"},
    {"id":33, "type": "kiwi", "category": "fruit"},
    {"id":31, "type": "pineapple", "category": "fruit"},
    {"id":32, "type": "watermelon", "category": "fruit"},
    {"id":44, "type": "onions", "category": "vegetable"},
    {"id":55, "type": "potatoes", "category": "vegetable"},
    {"id":66, "type": "brocolli", "category": "vegetable"},
    {"id":61, "type": "tomato", "category": "vegetable"},
    {"id":62, "type": "carrot", "category": "vegetable"},
    {"id":77, "type": "milk", "category": "dairy"},
    {"id":88, "type": "cheese", "category": "dairy"},
    {"id":99, "type": "yogurt", "category": "dairy"},
    {"id":91, "type": "icecream", "category": "dairy"},
    {"id":92, "type": "butter", "category": "dairy"}
]